User,Token,avgValue,noofDays
0x53829d517D8fA7D59d3D40E20251e519C079985F,0xFF970A61A04b1cA14834A43f5dE4533eBDDB5CC8,100.000000,121
0x1314CA004878365dcB2AA9a1Cf1F9311B81dEF2B,0xaf88d065e77c8cC2239327C5EDb3A432268e5831,399997.119403,6
0xf48eaD8a56Bf3E380E7E73FD59Ef794999658bA8,0x82aF49447D8a07e3bd95BD0d56f35241523fBab1,12005.323343,12
0x397BbFfc7F70319E244b4A1B951F7eed42Cb390C,0x82aF49447D8a07e3bd95BD0d56f35241523fBab1,10195.210287,6
0x40B42deFA549221aB38c1ba6C611AC92c0963116,0x82aF49447D8a07e3bd95BD0d56f35241523fBab1,11701.852862,6
0x33857a01975639488213511b760a14cD780d228B,0x82aF49447D8a07e3bd95BD0d56f35241523fBab1,1814076.059796,2
0xb0E2061B34171edc2B3C34E86B0b1F05ec7eeFFC,0xFF970A61A04b1cA14834A43f5dE4533eBDDB5CC8,235000.000000,120
0x872D24a78F9343D95fFbD602D3bEe5EC9773E9Ff,0xFF970A61A04b1cA14834A43f5dE4533eBDDB5CC8,499.789602,39
0xc7e6DA4D1373BABa0033A9799470b3B4900f338C,0x82aF49447D8a07e3bd95BD0d56f35241523fBab1,2530.221887,3
0x239A290e002D3E6057Ba78F28E7b9567C6b737b4,0x82aF49447D8a07e3bd95BD0d56f35241523fBab1,46558.126977,6
0x8e2F7D5aAAE5ABbD5052aCb74019b9b11cb74349,0xFF970A61A04b1cA14834A43f5dE4533eBDDB5CC8,9358.375290,1
0x578ea3A59b41cA1b92CCdcF65bF6AE40727C4F34,0xFF970A61A04b1cA14834A43f5dE4533eBDDB5CC8,1998.918073,3
0x3bbEBf87B8dB82F59873AcD450Bca31CaF61DE12,0xFF970A61A04b1cA14834A43f5dE4533eBDDB5CC8,14049.144672,74
0xdb5E4ab747C81BF525c006BA92527ADf84a171f4,0xFF970A61A04b1cA14834A43f5dE4533eBDDB5CC8,499.463056,96
0xacf09Af6853Ba4CBbB838e6032953Bd7037b4539,0xaf88d065e77c8cC2239327C5EDb3A432268e5831,4000.000000,6
0x43faf3F8bef053d901C572EDC32F055c20EFb764,0xFF970A61A04b1cA14834A43f5dE4533eBDDB5CC8,30000.000000,120
0xab3e6F096372D1101E938ee9e0B3dcfC7Dc45DaC,0x82aF49447D8a07e3bd95BD0d56f35241523fBab1,2856.964250,54
0x42ccF4f456D7c7fEBF274242CACcD74AAa0a53d7,0xFF970A61A04b1cA14834A43f5dE4533eBDDB5CC8,1500.000000,18
0x9b2ca0B27415ab8ffA9d7FF2065C9bdE53462f46,0xFF970A61A04b1cA14834A43f5dE4533eBDDB5CC8,1044.276347,5
0xABcAe081dc0D143AeFe3fEF2EFB70Dc756b64007,0xaf88d065e77c8cC2239327C5EDb3A432268e5831,3000.000000,5
0xB932e9Dd1b48cE5895A3511d8BE0169Fb0E41323,0x82aF49447D8a07e3bd95BD0d56f35241523fBab1,60033.698195,2
0x63026d769f7D45FCbff3862e4A7C47c4dEfb4e29,0xFF970A61A04b1cA14834A43f5dE4533eBDDB5CC8,36.789043,48
0x02Db8B065Feea8e2C9fE40b2CBCc0efe794b3C18,0x82aF49447D8a07e3bd95BD0d56f35241523fBab1,172740.218876,5
0x4a2B71D123584cba533D93017CA8379Ff2006ad9,0x82aF49447D8a07e3bd95BD0d56f35241523fBab1,959.217263,11
0x6F90ced525825feD1C186849AC570d48Cb76BA77,0x82aF49447D8a07e3bd95BD0d56f35241523fBab1,27262.976244,81
0xC960338B529e0353F570f62093Fd362B8FB55f0B,0x82aF49447D8a07e3bd95BD0d56f35241523fBab1,1486.080368,50
0x36C9fdBF2EaFdb64F0082bE0E824Dc4605603E71,0xFF970A61A04b1cA14834A43f5dE4533eBDDB5CC8,14678.158878,1
0xE53618cEc3bf9cBecE4F48AA8651d16FEc24BeFb,0x82aF49447D8a07e3bd95BD0d56f35241523fBab1,219.516203,4
0x0e7518B332F469a6A2F59E690F225cef5157cca9,0xaf88d065e77c8cC2239327C5EDb3A432268e5831,39500.000000,2
0x897E3BD5c79471C1aB6eC50EDa572094eF0Eb79c,0xFF970A61A04b1cA14834A43f5dE4533eBDDB5CC8,20.000000,93
0x58Fc8a5d2bc89Dc1a353537271a217a6f64c92A4,0x82aF49447D8a07e3bd95BD0d56f35241523fBab1,841.992630,82
0xDB327DA2816F4A768C89872e6E72f34CB5De4A77,0x82aF49447D8a07e3bd95BD0d56f35241523fBab1,3851.791122,5
0x6f4077bfDC287BE5431E93AA851bB1E2F58836A0,0x82aF49447D8a07e3bd95BD0d56f35241523fBab1,5923.734474,48
0x3cb07d1f0620090BB667dF1A5c90b4B80F8EdE73,0xaf88d065e77c8cC2239327C5EDb3A432268e5831,71884.428346,2
0xeA61feaabfb34d15097f50Fb13262b0Ba18130D4,0xaf88d065e77c8cC2239327C5EDb3A432268e5831,179940.404897,5
0xecAF401a100ff4e390075a5D45f7dB021F90a0E4,0xaf88d065e77c8cC2239327C5EDb3A432268e5831,9166.666667,6
0xfAe1997BF334f9a03b239f1262D186d73bC0A7f1,0x82aF49447D8a07e3bd95BD0d56f35241523fBab1,3031.173469,82
0x919c43A3da9132aFa3b965DE7095eB1b1D765C97,0x82aF49447D8a07e3bd95BD0d56f35241523fBab1,504.610711,80
0x00CD2ff07447e2372549AC54Fba8548BEf968687,0x82aF49447D8a07e3bd95BD0d56f35241523fBab1,66062.710318,3
0x5234e2E6Ac823fc4891e83fBa16919936bb58f0a,0x82aF49447D8a07e3bd95BD0d56f35241523fBab1,451.694430,1
0x1A2923D39F11f4b0A47BcdEC29B30eC273dA0932,0xFF970A61A04b1cA14834A43f5dE4533eBDDB5CC8,15.000000,17
0xB9641997d47809964F599A1871185cd292729596,0xFF970A61A04b1cA14834A43f5dE4533eBDDB5CC8,199.780499,2
0xbD8e3fCDE2eD8A4872622d454FF7AC257C74F9E3,0x82aF49447D8a07e3bd95BD0d56f35241523fBab1,2378.882400,6
0xE003F0340609D901C0aC0903f5F98c9B2704e8FD,0x82aF49447D8a07e3bd95BD0d56f35241523fBab1,128.808924,27
0xE5d2ca1ce854985600dC6C0555Ac43045E2698e1,0x82aF49447D8a07e3bd95BD0d56f35241523fBab1,24002.567964,13
0x3c92E144062297cFD08a5a9BAaB59AaabD3231F3,0x82aF49447D8a07e3bd95BD0d56f35241523fBab1,33.696159,83
0xA44fABf957D2dA3bF3dB4702f027C9D3a173c1F2,0x82aF49447D8a07e3bd95BD0d56f35241523fBab1,2569.259427,2
0xC8d455A1979F8B4F1878a142372c48b96ff69031,0x82aF49447D8a07e3bd95BD0d56f35241523fBab1,114069.057264,30
0x70115B724f7E187aA73504D96125d1B84720E1ec,0x82aF49447D8a07e3bd95BD0d56f35241523fBab1,469.484217,43
0x1BF928864402b8d69128793998a6811c4D7973d7,0xaf88d065e77c8cC2239327C5EDb3A432268e5831,100.000000,5
0x0D703ccD7DeBd7f6F4B0fFB29d2d710D19b09025,0x82aF49447D8a07e3bd95BD0d56f35241523fBab1,16.867896,87
0x5EC1Ce80615051941821610758514cB92DCda2b4,0xFF970A61A04b1cA14834A43f5dE4533eBDDB5CC8,28934.000000,54
0x53829d517D8fA7D59d3D40E20251e519C079985F,0x82aF49447D8a07e3bd95BD0d56f35241523fBab1,343.778849,121
0xb246275ab015CD3a62Ad46b992b92E4e2EE10dF9,0xaf88d065e77c8cC2239327C5EDb3A432268e5831,25478.677479,6
0xb92c55DB9f5EdD46423980Fbe7fDB9948fAF5b57,0xFF970A61A04b1cA14834A43f5dE4533eBDDB5CC8,109.891548,93
0x932500813eF18fD632051458e1DdA9Da930Bf763,0xFF970A61A04b1cA14834A43f5dE4533eBDDB5CC8,1606.000691,44
0x9459EDa837626A5D7f929BAf7d3AC1DF60e26239,0x82aF49447D8a07e3bd95BD0d56f35241523fBab1,1713.998508,62
0xE2fb883fDc13BEA0bFa73a329718323f00FBb777,0xaf88d065e77c8cC2239327C5EDb3A432268e5831,100.000000,2
0xbA3236c972F589118441c57c239C6AB73DA3a944,0xFF970A61A04b1cA14834A43f5dE4533eBDDB5CC8,2875.070542,3
0x9453AA25a2462fC6D206EF3C1f7892f877887706,0x82aF49447D8a07e3bd95BD0d56f35241523fBab1,851.628763,4
0x3A63717548f60EeC71BFe86eEC55CB1Ba1F554ab,0xFF970A61A04b1cA14834A43f5dE4533eBDDB5CC8,3309.887007,31
0x2f206D74d7cFcc6a9F556825034eB110a572AD62,0x82aF49447D8a07e3bd95BD0d56f35241523fBab1,370059.933819,61
0x2397EedE9905F54CeB51679eB09f67F5CD7b6541,0x82aF49447D8a07e3bd95BD0d56f35241523fBab1,339.512159,1
0x07295d129f841f2854f9f298F137C2fFc5CCfF34,0x82aF49447D8a07e3bd95BD0d56f35241523fBab1,77361.956865,4
0xEa997f0cA1Fb878e3A7c4930a7F7ed5EB44ca40C,0x82aF49447D8a07e3bd95BD0d56f35241523fBab1,39047.655399,6
0xe77f417441e10914e44F09D32B1477e10b65891e,0x82aF49447D8a07e3bd95BD0d56f35241523fBab1,322.817945,4
0xdFfcD5e5D9698850C85a06CC027Df41d3e532C5A,0xaf88d065e77c8cC2239327C5EDb3A432268e5831,833.618924,6
0x06C90744b36Fefc20d17018Ba3dc31a00e922222,0x82aF49447D8a07e3bd95BD0d56f35241523fBab1,20763.303895,4
0xCfaba3994C45aa03e479000300801AE35B39c388,0x82aF49447D8a07e3bd95BD0d56f35241523fBab1,122788.806695,4
0x2472A846C16103E205ac6f5E37DC56C2EbB5EE4f,0x82aF49447D8a07e3bd95BD0d56f35241523fBab1,84329.270237,2
0xDF7fa906DA092cC30F868C5730c944F4D5431e17,0x82aF49447D8a07e3bd95BD0d56f35241523fBab1,8188.530467,82
0xf98A6aF01D14839cd84342959B5c4f96A08c5a7a,0x82aF49447D8a07e3bd95BD0d56f35241523fBab1,280.609252,9
0x4a2B71D123584cba533D93017CA8379Ff2006ad9,0xFF970A61A04b1cA14834A43f5dE4533eBDDB5CC8,2408.253651,6
0x88a320Eaa3099F24C881f84Fb0a903c666501747,0x82aF49447D8a07e3bd95BD0d56f35241523fBab1,34060.803593,9
0x125DBE70459b36A4C71664DcC97224EafEb4AeE0,0xaf88d065e77c8cC2239327C5EDb3A432268e5831,10367.134413,4
0x3a212d3d7504dC4A39E21C731d0E80b114A2108b,0x82aF49447D8a07e3bd95BD0d56f35241523fBab1,6554.655825,62
0xb7d49ADB031d6DBDF3E8e28F21C6Dd3b6f231cD5,0x82aF49447D8a07e3bd95BD0d56f35241523fBab1,47604.641516,11
0xe496DC2dcfC830174f4D7D92973C13545327771a,0x82aF49447D8a07e3bd95BD0d56f35241523fBab1,16781.109397,73
0x65F06D1e88ea2A9A7eA5EC11f03378BD8bddD178,0x82aF49447D8a07e3bd95BD0d56f35241523fBab1,410.339243,65
0x9f09502a0B68EDbcCDFF5E6C59270Ad150def363,0x82aF49447D8a07e3bd95BD0d56f35241523fBab1,64875.939743,4
0xD4f9FE0039Da59e6DDb21bbb6E84e0C9e83D73eD,0x82aF49447D8a07e3bd95BD0d56f35241523fBab1,11408.749904,1
0xA8f93D06De2791e0e18EC2703d8C35e1aE1a3D89,0xFF970A61A04b1cA14834A43f5dE4533eBDDB5CC8,1339.197014,41
0x1350149385d5fdadBfA5527f830d4065f77df2d5,0x82aF49447D8a07e3bd95BD0d56f35241523fBab1,1760.313157,81
0x2ad5031f85B4CD9E27A8F788a047DD8F507EaAA7,0x82aF49447D8a07e3bd95BD0d56f35241523fBab1,2899.628935,9
0x9E406B2c2021966f3983E899643609C45E3bBFFe,0xaf88d065e77c8cC2239327C5EDb3A432268e5831,746756.097682,2
0x625D6405DCac9C82F4b681A131d9182115448F75,0x82aF49447D8a07e3bd95BD0d56f35241523fBab1,15424.675983,36
0xdaFf9E44da89d9Cd44f28D9E36c874078F5C7FB8,0x82aF49447D8a07e3bd95BD0d56f35241523fBab1,471.190344,79
0x6732906488CA4F63C70446638c1fCf3d8Ea92eaD,0x82aF49447D8a07e3bd95BD0d56f35241523fBab1,367695.520194,3
0x24C6BF31Ede23801A6358A787016169C3Cb0984e,0x82aF49447D8a07e3bd95BD0d56f35241523fBab1,3613.741963,80
0xa5926E71a6154A99C768B01b8DA3f81bB4599356,0xaf88d065e77c8cC2239327C5EDb3A432268e5831,50.000000,3
0x4fca7eA8770eA56d3E5eb1Ce0f35fFE44F198C7D,0x82aF49447D8a07e3bd95BD0d56f35241523fBab1,37777.839616,1
0xAd63DdE7cA39ea3446fB6d29bB91e0cbf7A9A582,0x82aF49447D8a07e3bd95BD0d56f35241523fBab1,924.855746,5
0x4570d5b4177Cf209944e8E3fB1f2A77021ffD5C5,0x82aF49447D8a07e3bd95BD0d56f35241523fBab1,89463.884285,32
0xE75C6D867f658E534450e0595dD0eb4FCc7a4060,0x82aF49447D8a07e3bd95BD0d56f35241523fBab1,519615.884294,6
0x70b0E62c99da00859E640eD4f29E4d4d47B1eAF4,0x82aF49447D8a07e3bd95BD0d56f35241523fBab1,2084.977091,65
0xaB25B48101F4243B0D67a40251301030B77e24dA,0x82aF49447D8a07e3bd95BD0d56f35241523fBab1,130818.395388,60
0xBfFe0aBBA8a766eb75A2f47Cc7aa2555201E9670,0x82aF49447D8a07e3bd95BD0d56f35241523fBab1,56139.099954,31
0xB1e76E0470b7aD2A6d473b8475EE04C6Be735D60,0xFF970A61A04b1cA14834A43f5dE4533eBDDB5CC8,79996.037293,14
0x88bA42af3E1D47795a34d3814def2B0dC76b1781,0x82aF49447D8a07e3bd95BD0d56f35241523fBab1,23.726390,106
0xBaab80996E31DFeDc754E41a7101188b9830C842,0xFF970A61A04b1cA14834A43f5dE4533eBDDB5CC8,219.973740,6
0x1CEc592E8A5608F3a5DCE6434f6A02246687711b,0x82aF49447D8a07e3bd95BD0d56f35241523fBab1,23.824639,2
0xac5E7a21855222E7aA894DFb069b7F061c7Fd61E,0xFF970A61A04b1cA14834A43f5dE4533eBDDB5CC8,28.677404,85
0xc7229CBBB10Dfa06E0caDE96c03d9128FC80D1fd,0x82aF49447D8a07e3bd95BD0d56f35241523fBab1,57745.445347,3
0x0fe169b54064CBc74C1317b72861365a207fC4Cc,0x82aF49447D8a07e3bd95BD0d56f35241523fBab1,31463.143699,48
0xEE98aB6288895cA7C5b97daC025ad56e34F61210,0xaf88d065e77c8cC2239327C5EDb3A432268e5831,6610.000000,6
0x0ADCcd300E936ecd45Ed69a4Ad35Ca56231aAD03,0xaf88d065e77c8cC2239327C5EDb3A432268e5831,194490.088527,5
0x77FC6E36d82010B2263b76959720e9Ee2C947467,0x82aF49447D8a07e3bd95BD0d56f35241523fBab1,888792.809345,2
0x2e72aE3d28fF333Aee438fd2Fa3A690DCCdf27C5,0x82aF49447D8a07e3bd95BD0d56f35241523fBab1,1342.053056,1
0x65F06D1e88ea2A9A7eA5EC11f03378BD8bddD178,0xFF970A61A04b1cA14834A43f5dE4533eBDDB5CC8,99.120664,65
0x3f1ADb91ffE32746d124512a5636Ba964e9d2FB2,0x82aF49447D8a07e3bd95BD0d56f35241523fBab1,65.297341,16
0x15cfd653015f4620171A54466672d174D0e74d2a,0x82aF49447D8a07e3bd95BD0d56f35241523fBab1,27698.018967,57
0x731bA6d73718E86d6B12Fd373d648862de3f4056,0xFF970A61A04b1cA14834A43f5dE4533eBDDB5CC8,5601.226959,18
0xD1ad912a5DcA8a51D7Df26eeADA6d02E6BFD7d30,0x82aF49447D8a07e3bd95BD0d56f35241523fBab1,3595.517525,22
0xc4573C70606b12ca6961c4F1DCA954EaE7f8c0e8,0x82aF49447D8a07e3bd95BD0d56f35241523fBab1,2937.778831,8
0xE4BA3bE0B4c2c9cceDF80508db327Abc9dEaff3A,0x82aF49447D8a07e3bd95BD0d56f35241523fBab1,158.575278,12
0x47956b9F51c9f546fFFB3c022fff8e21b42E99f8,0x82aF49447D8a07e3bd95BD0d56f35241523fBab1,2197.524792,1
0x28681f814a92E636Efd564fd953b269C7D46E669,0x82aF49447D8a07e3bd95BD0d56f35241523fBab1,3451.899031,72
0xB1e76E0470b7aD2A6d473b8475EE04C6Be735D60,0x82aF49447D8a07e3bd95BD0d56f35241523fBab1,67.981196,5
0xB90493d0876734f77a088538e9d49065F9De4D30,0xaf88d065e77c8cC2239327C5EDb3A432268e5831,78999.001575,1
0xB1e76E0470b7aD2A6d473b8475EE04C6Be735D60,0xaf88d065e77c8cC2239327C5EDb3A432268e5831,80373.251378,6
0xDd594463a4A809eb8bDb0f15b060AA38573f6a14,0xaf88d065e77c8cC2239327C5EDb3A432268e5831,1700.000000,2
0x0ADCcd300E936ecd45Ed69a4Ad35Ca56231aAD03,0x82aF49447D8a07e3bd95BD0d56f35241523fBab1,317316.675210,1
0xaa8F454E1487dfc67f02A69B788c3f7379ec586E,0x82aF49447D8a07e3bd95BD0d56f35241523fBab1,30289.712616,82
0x057a1558a67C10F2B11F7f936E58Fcdec8113aF9,0x82aF49447D8a07e3bd95BD0d56f35241523fBab1,48650.257375,6
0xD4f9FE0039Da59e6DDb21bbb6E84e0C9e83D73eD,0xaf88d065e77c8cC2239327C5EDb3A432268e5831,63862.886648,3
0x5215B4ee0914eA3C62Aa1d059837293C5d2ccEEf,0xaf88d065e77c8cC2239327C5EDb3A432268e5831,8000.000000,3
0x7ee89D98B5731107A2A9CeBc3D9a4e729d070262,0x82aF49447D8a07e3bd95BD0d56f35241523fBab1,10740.905326,82
0xE66fBC8Be19bD6B60a7FdC743a1019435EE0a04F,0x82aF49447D8a07e3bd95BD0d56f35241523fBab1,539.332506,12
0xd27d90b337717Fd91C4D409F712B890D4eE2FdD6,0x82aF49447D8a07e3bd95BD0d56f35241523fBab1,122221.060240,8
0x69F3516BD83B2570928A3b325662eF9aF542abE3,0x82aF49447D8a07e3bd95BD0d56f35241523fBab1,23.824639,2
0x117175dC3E7fDc917342fAe860827371f856f5f5,0x82aF49447D8a07e3bd95BD0d56f35241523fBab1,23.824639,2
0x907BC0ebAfb4c31d9250547ce9f6301780Fd4dA0,0x82aF49447D8a07e3bd95BD0d56f35241523fBab1,17212.114424,60
0x4Ee711b72b476f47A05AEc5a260BA42Bb564404D,0x82aF49447D8a07e3bd95BD0d56f35241523fBab1,257673.666468,47
0x186b12Ceaf08FDE22E32647fcc800e45876F5Bd0,0xaf88d065e77c8cC2239327C5EDb3A432268e5831,502.082675,5
0x3Fe9ea5D24c015BC0Eb07dBEB7F961b63AAF56fb,0x82aF49447D8a07e3bd95BD0d56f35241523fBab1,23.824639,2
0x4D084A915a298FDe905Bb7B78A2F010Ab566F4C7,0x82aF49447D8a07e3bd95BD0d56f35241523fBab1,24679.481572,36
0x6D805b253BFb38b27232Afd99d92840AC9022F9E,0x82aF49447D8a07e3bd95BD0d56f35241523fBab1,4786.070536,7
0x7DD0Ca0f62d84CaFA9D938F2660BA221D8D32684,0xaf88d065e77c8cC2239327C5EDb3A432268e5831,7603.079975,4
0x9E406B2c2021966f3983E899643609C45E3bBFFe,0x82aF49447D8a07e3bd95BD0d56f35241523fBab1,901932.750180,2
0xff36c5f228c3F62E9cc8519694ccaeAf3F4024a6,0x82aF49447D8a07e3bd95BD0d56f35241523fBab1,341.580356,59
0x4d0E2fFbEb8232Dd04645DcCe3b642317794e4a1,0xaf88d065e77c8cC2239327C5EDb3A432268e5831,500.000000,5
0x7Aa0aFdaC9C34F780E349679fE9149eD5772199a,0xFF970A61A04b1cA14834A43f5dE4533eBDDB5CC8,11612.717834,2
0xDA4Dd0425a476274f76FB354C63a09239545Af16,0x82aF49447D8a07e3bd95BD0d56f35241523fBab1,2649.930520,9
0x77F95C8523B494845E1370BEB894F93766d83c63,0x82aF49447D8a07e3bd95BD0d56f35241523fBab1,401.210670,74
0x9b2ca0B27415ab8ffA9d7FF2065C9bdE53462f46,0x82aF49447D8a07e3bd95BD0d56f35241523fBab1,1021.019824,5
0x8922e633A83c01d7Df56C1863E1027Db8C705755,0x82aF49447D8a07e3bd95BD0d56f35241523fBab1,3148.957021,13
0x0ff6eA17821Cd9234df2B76defEA05D95F0a8b88,0x82aF49447D8a07e3bd95BD0d56f35241523fBab1,51136.114938,6
0x6AF235d2Bbe050e6291615B71CA5829658810142,0xaf88d065e77c8cC2239327C5EDb3A432268e5831,593429.452745,6
0xaa8F454E1487dfc67f02A69B788c3f7379ec586E,0xaf88d065e77c8cC2239327C5EDb3A432268e5831,582.871697,6
0xBD8b6Ef86290b3C6dC6232F3355131E0ba5478FA,0x82aF49447D8a07e3bd95BD0d56f35241523fBab1,5098.589696,5
0xBABf8480349daB3840c8040DB80C42CD456dea85,0x82aF49447D8a07e3bd95BD0d56f35241523fBab1,34.065151,4
0xC929fD701A001518dAefaf870A40e8bDc4E3766d,0x82aF49447D8a07e3bd95BD0d56f35241523fBab1,290.974832,7
0x1fFDf91652ae3d16e8208a469F6699E844DEeca2,0x82aF49447D8a07e3bd95BD0d56f35241523fBab1,2180.491562,2
0xe970030dBf729fc33CF9089De626099b33Dd52cC,0x82aF49447D8a07e3bd95BD0d56f35241523fBab1,9685.449773,6
0xb37f99cedD20a92CCC042b539Bed8D5d733C7Aa4,0x82aF49447D8a07e3bd95BD0d56f35241523fBab1,475.162074,41
0x3097eCF8195aBc13dA5a56a16D686Fc3166EB056,0x82aF49447D8a07e3bd95BD0d56f35241523fBab1,31643.904669,34
0xC929fD701A001518dAefaf870A40e8bDc4E3766d,0xFF970A61A04b1cA14834A43f5dE4533eBDDB5CC8,249.837481,1
0xcd812016b15e1937e281B7B7b1F1654e54CC0818,0xaf88d065e77c8cC2239327C5EDb3A432268e5831,58998.208337,1
0x64B7fcC8C17540139BDd84d00c7261035602Cb66,0x82aF49447D8a07e3bd95BD0d56f35241523fBab1,12365.524287,51
0x9cD657146dcf96d92B7eE248Cc77CbF871d7c346,0x82aF49447D8a07e3bd95BD0d56f35241523fBab1,171506.954770,82
0x87A09bef77c381aDC4f69D12A593A3a2604b13d1,0xFF970A61A04b1cA14834A43f5dE4533eBDDB5CC8,1499.960636,4
0x115fF71B91D2679CcEA6aA55ac8E6721E4417d35,0x82aF49447D8a07e3bd95BD0d56f35241523fBab1,313.675991,25
0xF19A2915376CADAe20bAD66739eDe59d96D19F41,0x82aF49447D8a07e3bd95BD0d56f35241523fBab1,404.753836,77
0xa8F9956f6d8D4a6Dc37478408E4b33b52E85AC7D,0x82aF49447D8a07e3bd95BD0d56f35241523fBab1,23.824639,2
0xe456c90b5404B91F6076EBb3bB3EC18a6313F79e,0x82aF49447D8a07e3bd95BD0d56f35241523fBab1,23.824639,2
0x777e94A3f8398f05329D61858ed3D9269E48580A,0x82aF49447D8a07e3bd95BD0d56f35241523fBab1,509.958660,1
0x475681F0e12606cf8f97743C1d4558C06a287840,0xFF970A61A04b1cA14834A43f5dE4533eBDDB5CC8,1730.097126,2
0xcCA10c95672485E8701f67Bd650253285DD395e8,0x82aF49447D8a07e3bd95BD0d56f35241523fBab1,169920.171450,6
0xb246275ab015CD3a62Ad46b992b92E4e2EE10dF9,0x82aF49447D8a07e3bd95BD0d56f35241523fBab1,65010.683714,1
0x3630220f243288E3EAC4C5676fC191CFf5756431,0xaf88d065e77c8cC2239327C5EDb3A432268e5831,321788.733104,6
0xE18fF9d58B4dEb8C17Ccba79A87FBed548Ab06B3,0xFF970A61A04b1cA14834A43f5dE4533eBDDB5CC8,9500.000000,53
0x6f6dDD7ceF89f65e05E8A61Fcc444c58EEE4aEee,0x82aF49447D8a07e3bd95BD0d56f35241523fBab1,20655.536114,60
0x369Fe36482BB1b61b3193EfAb1FF7EE1365c0e5a,0xFF970A61A04b1cA14834A43f5dE4533eBDDB5CC8,8815.221127,13
0x7Fb1041931A8ca61a7607FEB1500265Bbd8f0434,0x82aF49447D8a07e3bd95BD0d56f35241523fBab1,3559.487752,6
0x4E342f8988fD2668059B3fDF4729f01c1a2D6972,0xaf88d065e77c8cC2239327C5EDb3A432268e5831,110.773757,1
0xAa163c47065c22D17Ed1c47E3E244337D2056c17,0x82aF49447D8a07e3bd95BD0d56f35241523fBab1,1082.151517,57
0xbdbAafE12313cA57B11e8C759579365E69a05A7E,0xFF970A61A04b1cA14834A43f5dE4533eBDDB5CC8,644.689882,64
0x7F1CA9Fe9C3728f5c632e5564b2BfF5585BE1748,0x82aF49447D8a07e3bd95BD0d56f35241523fBab1,169952.989870,5
0xeDfADee26074cF20Ae1699B16EDC65c27Aae4B50,0xFF970A61A04b1cA14834A43f5dE4533eBDDB5CC8,19.118966,4
0xA8f93D06De2791e0e18EC2703d8C35e1aE1a3D89,0x82aF49447D8a07e3bd95BD0d56f35241523fBab1,115.344396,81
0xF502aa3461BF04f0d9bc6f7f3D8dee12524DE51C,0xFF970A61A04b1cA14834A43f5dE4533eBDDB5CC8,1136.496016,5
0xA2cDbd966a50fcA31dF26c7Ac78eCfED1c77C42F,0x82aF49447D8a07e3bd95BD0d56f35241523fBab1,11921.281258,9
0xB9A9203b98f978fB30Fdc5D0165AcD1b3F59D10E,0xFF970A61A04b1cA14834A43f5dE4533eBDDB5CC8,99.978155,1
0x4B670646AeE81273780Be150CCD03e7436a36aB1,0x82aF49447D8a07e3bd95BD0d56f35241523fBab1,4640.009872,4
0x12227DFe5363cbE55919e230653810de0fF317e2,0x82aF49447D8a07e3bd95BD0d56f35241523fBab1,1019521.028700,6
0xD7892339a019240e6fb4d15554CFd015E81023a6,0xFF970A61A04b1cA14834A43f5dE4533eBDDB5CC8,2800.000000,53
0x2975B8e30EC64c1855Dd94e1a8eCD435A323a9B0,0xFF970A61A04b1cA14834A43f5dE4533eBDDB5CC8,10000.273590,27
0x2fD7Ff015f98b5501d62162eAe108eB0792eB0EC,0x82aF49447D8a07e3bd95BD0d56f35241523fBab1,35.321511,26
0xbA3236c972F589118441c57c239C6AB73DA3a944,0xaf88d065e77c8cC2239327C5EDb3A432268e5831,3000.086952,3
0xDF7fa906DA092cC30F868C5730c944F4D5431e17,0xFF970A61A04b1cA14834A43f5dE4533eBDDB5CC8,3990.131311,82
0xB79027228E24fec14672e0035520a186AEF6d07B,0x82aF49447D8a07e3bd95BD0d56f35241523fBab1,522334.607037,6
0x016700997d3B1cd7Cfd8faEF9B2d7CDD3a8b2d3f,0x82aF49447D8a07e3bd95BD0d56f35241523fBab1,10185.364761,1
0x9bb2ae074AEf757CdAB9BCa3B67C9245116fA151,0x82aF49447D8a07e3bd95BD0d56f35241523fBab1,31833.306807,6
0x07e8531e64Dc6Ad4e2d0903a4E3E98d5285b9EC9,0x82aF49447D8a07e3bd95BD0d56f35241523fBab1,23140.321962,30
0x466BbAd82E97bD6BBa781B1B8D172D16E1C52D23,0x82aF49447D8a07e3bd95BD0d56f35241523fBab1,1417.528111,1
0xbdbAafE12313cA57B11e8C759579365E69a05A7E,0x82aF49447D8a07e3bd95BD0d56f35241523fBab1,673.329188,82
0x903f6009eb34170A6106a2Ef0A46D106847D95fF,0x82aF49447D8a07e3bd95BD0d56f35241523fBab1,97.061480,7
0x4d0E2fFbEb8232Dd04645DcCe3b642317794e4a1,0xFF970A61A04b1cA14834A43f5dE4533eBDDB5CC8,500.000000,5
0xB81E05fdA4a2767A052C47e49b52Ab03795d6b1B,0x82aF49447D8a07e3bd95BD0d56f35241523fBab1,24028.849873,2
0x4eF9A651F8656DEf8454178406eEae16FB7Ca458,0xFF970A61A04b1cA14834A43f5dE4533eBDDB5CC8,6179.841011,90
0xCfaba3994C45aa03e479000300801AE35B39c388,0xFF970A61A04b1cA14834A43f5dE4533eBDDB5CC8,66098.559943,6
0x074a47b4a107BEaEf9D8fb5cBb66D7A829383168,0x82aF49447D8a07e3bd95BD0d56f35241523fBab1,148.790190,27
0x81126c7e3fb7b4aC2FB577c070f120F33b043C0b,0xFF970A61A04b1cA14834A43f5dE4533eBDDB5CC8,930.237091,41
0x016F17DC99e1fCbE08e6bF62A42f632340611b36,0x82aF49447D8a07e3bd95BD0d56f35241523fBab1,53.376229,29
0x10e9E03d267CCB5333DB89Ce85682F85E389A4e0,0x82aF49447D8a07e3bd95BD0d56f35241523fBab1,2848.913474,2
0xe43192C078E391D6243e7e45828C0669162bB9e7,0x82aF49447D8a07e3bd95BD0d56f35241523fBab1,137831.592646,73
0xb5CF6c54887e03716d1C6EBDb0E9f49D0c3Bed6A,0xFF970A61A04b1cA14834A43f5dE4533eBDDB5CC8,15626.026522,74
0x22040D869370EF386D2b52497EAd9316947c6062,0x82aF49447D8a07e3bd95BD0d56f35241523fBab1,8483.404036,6
0xe6a2971646175AF2444c05EC1B635072820621A1,0xaf88d065e77c8cC2239327C5EDb3A432268e5831,93048.252268,6
0xFCe8161bB272a3109498dddd6FdD488C77BCE580,0x82aF49447D8a07e3bd95BD0d56f35241523fBab1,67.636642,96
0xf153FB08c86A5c4c10BBF31617467000E2C8eA4e,0xaf88d065e77c8cC2239327C5EDb3A432268e5831,8092.690831,5
0x22169E0694DE4A74133Bd06f01857556408F2bA2,0xFF970A61A04b1cA14834A43f5dE4533eBDDB5CC8,3699.996880,35
0x2d78a19E838a88827749571Cf1a0D381Fd563139,0x82aF49447D8a07e3bd95BD0d56f35241523fBab1,2384.007578,11
0xc3Ad78CAa7984ECabb06C6bd4934C3d8e9EfD593,0xFF970A61A04b1cA14834A43f5dE4533eBDDB5CC8,1197.406400,8
0xa984ce40Edccbf979c95A9c77c3a2078e1C346bc,0x82aF49447D8a07e3bd95BD0d56f35241523fBab1,1427.605115,5
0xCA0073964efe7f9422CeB16901018b1DB0cC4785,0xFF970A61A04b1cA14834A43f5dE4533eBDDB5CC8,3000.000000,6
0xF98bA4e9C697b61539Ee00f982cdFB9f241F4238,0x82aF49447D8a07e3bd95BD0d56f35241523fBab1,28740.185144,6
0xE7205eddEE5a24c5350aE1F6Ec3a51C382377b67,0x82aF49447D8a07e3bd95BD0d56f35241523fBab1,910.895487,1
0xc3e2279cBcACf7bC5B9654aF542D18C42ec75bee,0x82aF49447D8a07e3bd95BD0d56f35241523fBab1,941.109159,4
0x2142D846641B9434786cC64b510D825f7dFe2d33,0x82aF49447D8a07e3bd95BD0d56f35241523fBab1,62339.225479,4
0x16Ad8fF6bd5b3D002B9b9056DBE9688AF459914F,0xFF970A61A04b1cA14834A43f5dE4533eBDDB5CC8,21327.124394,56
0x2768EF0331cfde4CaB0FfbF989c8f9D622c64C10,0xFF970A61A04b1cA14834A43f5dE4533eBDDB5CC8,30.969635,1
0xbDB21E816E455E1642dBe8CeF6668A62E180657B,0x82aF49447D8a07e3bd95BD0d56f35241523fBab1,339.840343,6
0x5932DcDC298B381DA8A04B0E48CD74Dc2dD96203,0xaf88d065e77c8cC2239327C5EDb3A432268e5831,10000.000000,6
0x5E34bA79Ef1a73aE1647B8984671B4E403E44D8A,0xaf88d065e77c8cC2239327C5EDb3A432268e5831,11885.467348,1
0x3b43fCa4306Ea190c3da9ddceFF2DE0d341975C1,0xaf88d065e77c8cC2239327C5EDb3A432268e5831,9366.234376,4
0xeEEC0e4927704ab3BBE5df7F4EfFa818b43665a3,0x82aF49447D8a07e3bd95BD0d56f35241523fBab1,86535.870738,3
0x3D660965F0baCa84059804CB78C045521950093c,0xFF970A61A04b1cA14834A43f5dE4533eBDDB5CC8,50.001635,95
0x70C4cfb9D3d765f6CB1D989559d0170354D5a20b,0x82aF49447D8a07e3bd95BD0d56f35241523fBab1,513.588144,23
0x9667FB9fce99ce1D0e6604CD518aEd31796c771e,0x82aF49447D8a07e3bd95BD0d56f35241523fBab1,3658.448803,29
0xAF1bff74708098dB603e48aaEbEC1BBAe03Dcf11,0xaf88d065e77c8cC2239327C5EDb3A432268e5831,4169.708700,6
0x59D8644688C1C12e2A115F98B62410C7E218286F,0xaf88d065e77c8cC2239327C5EDb3A432268e5831,8045.911816,5
0x4cd6B970F42B41Ee58c2e4B7aB99863d5AE52A23,0x82aF49447D8a07e3bd95BD0d56f35241523fBab1,170325.229250,4
0x166E58eA56399d5809FFfe195196554E9934bfF7,0x82aF49447D8a07e3bd95BD0d56f35241523fBab1,3393.563558,3
0x59c780472a04b88f14E0c46A00829540Ba8BF260,0x82aF49447D8a07e3bd95BD0d56f35241523fBab1,34.347732,117
0xEff3453d06Dd4AC4E9c02C13687485dF5f526532,0x82aF49447D8a07e3bd95BD0d56f35241523fBab1,146471.187790,6
0xb29c1b7EcB01E704eC2aB560d4eCeFaB0D0BFED9,0x82aF49447D8a07e3bd95BD0d56f35241523fBab1,504.846797,79
0x725Fde1292357918Abf7968089C8C590388d27a5,0x82aF49447D8a07e3bd95BD0d56f35241523fBab1,124.772161,47
0x91635821189683CBe95d6A513e49BC55d3654797,0xaf88d065e77c8cC2239327C5EDb3A432268e5831,2000.000000,6
0x69faB1DDAB0E3D866d01D17aB2F3952EB548D776,0x82aF49447D8a07e3bd95BD0d56f35241523fBab1,343434.905600,1
0x680c3ee150a2E63C129f449dF01f7B60FB03ca1C,0x82aF49447D8a07e3bd95BD0d56f35241523fBab1,9633.625781,13
0xD4f9FE0039Da59e6DDb21bbb6E84e0C9e83D73eD,0xFF970A61A04b1cA14834A43f5dE4533eBDDB5CC8,11667.748417,3
0xbA2A65e2423e6D2EDb2c08DC8ed2ae866E86AdEB,0xaf88d065e77c8cC2239327C5EDb3A432268e5831,791220.000000,1
0x3F7C10cBbb1EA1046a80B738b9Eaf3217410c7F6,0xaf88d065e77c8cC2239327C5EDb3A432268e5831,194791.042533,6
0x19d623106aa9Da781958b360aaf971dcB7c2dC6D,0x82aF49447D8a07e3bd95BD0d56f35241523fBab1,50370.195444,81
0x850B0Fe06389bdfa7F768353973dEf830f9De159,0xFF970A61A04b1cA14834A43f5dE4533eBDDB5CC8,1504.878178,1
0xA8d55E9f1dBd60f7DA1Fd53aD9e3A4D559f8E5C0,0xFF970A61A04b1cA14834A43f5dE4533eBDDB5CC8,20.000000,2
0x12227DFe5363cbE55919e230653810de0fF317e2,0xaf88d065e77c8cC2239327C5EDb3A432268e5831,1060000.000000,5
0x2e4ae4d3bD0Af45040b4F17e0BB7E6dC548626B1,0x82aF49447D8a07e3bd95BD0d56f35241523fBab1,17017.599060,2
0xD51481929A8240D82083db2704ffa9DfA1829A06,0x82aF49447D8a07e3bd95BD0d56f35241523fBab1,185.238379,82
0xb1A34e40936B9ca51489BD7C8eC4099B4DcC773C,0x82aF49447D8a07e3bd95BD0d56f35241523fBab1,789.311337,4
0x6CA0F4CE1cdf1312dB6085BD138BdA2c0f74a461,0x82aF49447D8a07e3bd95BD0d56f35241523fBab1,104.816985,5
0x61f59CE34a5502493074257b2598457Bf6B2F242,0x82aF49447D8a07e3bd95BD0d56f35241523fBab1,377.831363,61
0x3E47a33163320F7C0e823480420Ca09635c1fcAD,0xFF970A61A04b1cA14834A43f5dE4533eBDDB5CC8,384.884169,1
0x50fad2b869521c27476A5245a49e09c338f94579,0x82aF49447D8a07e3bd95BD0d56f35241523fBab1,28696.879100,10
0x8BBae6de836155f1FF5b6BC5026BCF0D6927E5b1,0x82aF49447D8a07e3bd95BD0d56f35241523fBab1,68313.871285,6
0x4a2B09f4F10f1A873F9FCA6541b89628EAb07c1F,0x82aF49447D8a07e3bd95BD0d56f35241523fBab1,103.364308,14
0x2D5dD8b19A4D284AC1aC2DCCB92048322bcd9478,0x82aF49447D8a07e3bd95BD0d56f35241523fBab1,142470.845280,5
0x851829732e686d5a9092fb70eb49d09016De94Df,0xFF970A61A04b1cA14834A43f5dE4533eBDDB5CC8,2852.898788,3
0x956c45e578913046d4AAc240e04657054693dE85,0xFF970A61A04b1cA14834A43f5dE4533eBDDB5CC8,212489.613267,14
0x57eD5Bf73451024cF41e3EED11fA51eEDC82fBFC,0xFF970A61A04b1cA14834A43f5dE4533eBDDB5CC8,3347.865255,1
0x12bDf4F4609fa94c83D1e8a00720FF8FEC21Bbd7,0x82aF49447D8a07e3bd95BD0d56f35241523fBab1,6769.619631,6
0x59ac3463AB0EF831DE8CbFA079aE55f95E2348bC,0x82aF49447D8a07e3bd95BD0d56f35241523fBab1,17666.368221,15
0xA9AA16463C402C6E864511E76E24D1a386a7adFb,0x82aF49447D8a07e3bd95BD0d56f35241523fBab1,104828.410210,2
0x8A88DFcC83C2999a81634899f55512A88D0d84b2,0x82aF49447D8a07e3bd95BD0d56f35241523fBab1,39141.248975,27
0x731bA6d73718E86d6B12Fd373d648862de3f4056,0xaf88d065e77c8cC2239327C5EDb3A432268e5831,195.057821,6
0x56d01ff227B501c562cC09452E41cACbb331C3f9,0x82aF49447D8a07e3bd95BD0d56f35241523fBab1,1937.819074,2
0xF9265318fF21cD973B9d0D7c35940b9ee62fF844,0xFF970A61A04b1cA14834A43f5dE4533eBDDB5CC8,63669.083068,10
0xc26d7EF337e01a5cC5498D3cc2ff0610761ae637,0x82aF49447D8a07e3bd95BD0d56f35241523fBab1,34.368803,12
0x7Fb1041931A8ca61a7607FEB1500265Bbd8f0434,0xaf88d065e77c8cC2239327C5EDb3A432268e5831,2358.133407,5
0xbDaeE0EDCC7d3F159325c29f7ca2cd3e50967c93,0x82aF49447D8a07e3bd95BD0d56f35241523fBab1,32807.430034,67
0xD26384A7F3D33f8528C5ff4453b2774e1F9484B5,0x82aF49447D8a07e3bd95BD0d56f35241523fBab1,386.704142,2
0x73EbA1b0559387E0DaFCe29880D28Fe8C32246Bb,0x82aF49447D8a07e3bd95BD0d56f35241523fBab1,129.302161,16
0x2ed29aDc8Fb15d93fa13A11d3D688D00FBb56E8d,0xFF970A61A04b1cA14834A43f5dE4533eBDDB5CC8,60.177624,1
0x3DCbCeE30665B3074C7c02D3031090815b3388f7,0x82aF49447D8a07e3bd95BD0d56f35241523fBab1,38877.735228,6
0x3F7C10cBbb1EA1046a80B738b9Eaf3217410c7F6,0x82aF49447D8a07e3bd95BD0d56f35241523fBab1,157685.919106,6
0x731bA6d73718E86d6B12Fd373d648862de3f4056,0x82aF49447D8a07e3bd95BD0d56f35241523fBab1,770.906762,5
0x915188A790Dcdd06447244196694C9f8a7d2b4C0,0x82aF49447D8a07e3bd95BD0d56f35241523fBab1,413433.885601,55
0x4F77fA6698F41d0F0A478b1d56356E9afDD74E4c,0x82aF49447D8a07e3bd95BD0d56f35241523fBab1,81878.568521,33
0xCA0073964efe7f9422CeB16901018b1DB0cC4785,0xaf88d065e77c8cC2239327C5EDb3A432268e5831,2033.758888,6
0x1c548493930D6De8Db946BDa03011e8AF93dDAe4,0x82aF49447D8a07e3bd95BD0d56f35241523fBab1,3434.349056,1
0xA3C4b68C9fe77608b0A2737D8349901BD4bAA66d,0x82aF49447D8a07e3bd95BD0d56f35241523fBab1,61850.942408,6
0x6251D7293E3C012437a6cC9fA913de1E98348ecc,0x82aF49447D8a07e3bd95BD0d56f35241523fBab1,21548.898475,1
0xdFfcD5e5D9698850C85a06CC027Df41d3e532C5A,0x82aF49447D8a07e3bd95BD0d56f35241523fBab1,35229.432884,5
0x1395f53B0472827c78964316a7f5595f302e10c9,0x82aF49447D8a07e3bd95BD0d56f35241523fBab1,17032.575268,4
0xf9d380A391A2C64D5585511203b1B7D136f2173E,0x82aF49447D8a07e3bd95BD0d56f35241523fBab1,1529.281543,6
0x9aCf316e0df5754966fF88C0bB5aa19ab9A750e2,0x82aF49447D8a07e3bd95BD0d56f35241523fBab1,12574.092687,6
0x6fCBBf79bd685190Ea17a5f4Ec260dC779FCec08,0x82aF49447D8a07e3bd95BD0d56f35241523fBab1,73539.266728,1
0x7e3c361493016bec54950CCBCF79706c0b4451Ab,0xFF970A61A04b1cA14834A43f5dE4533eBDDB5CC8,9999.186421,3
0xC2C6DC6Ba7e852D2BDb593998B24e293e4dDf700,0x82aF49447D8a07e3bd95BD0d56f35241523fBab1,75.105321,15
0xB36504f950615e543919FE4A5a2A7A2719cA80Bb,0x82aF49447D8a07e3bd95BD0d56f35241523fBab1,2344.898366,6
0xF605E8AAB1418bF13C31FCDD3516fd34E4Ebd6b0,0x82aF49447D8a07e3bd95BD0d56f35241523fBab1,31622.134866,4
0x00CD2ff07447e2372549AC54Fba8548BEf968687,0xaf88d065e77c8cC2239327C5EDb3A432268e5831,61734.401815,3
0x8317C6f5EC97061E402A531055A0B0Acf03cf67d,0x82aF49447D8a07e3bd95BD0d56f35241523fBab1,2384.560537,4
0x27D0524d68b8110C311e947Ac0eC7Fe443213D45,0x82aF49447D8a07e3bd95BD0d56f35241523fBab1,302498.536751,4
0x3A63717548f60EeC71BFe86eEC55CB1Ba1F554ab,0x82aF49447D8a07e3bd95BD0d56f35241523fBab1,4668.387913,32
0xfc46d4a74fDcb41c883A5177ea3dF61F6016b56B,0xaf88d065e77c8cC2239327C5EDb3A432268e5831,137889.692801,5
0xc3e2279cBcACf7bC5B9654aF542D18C42ec75bee,0xFF970A61A04b1cA14834A43f5dE4533eBDDB5CC8,962.791677,5
0x7Aa0aFdaC9C34F780E349679fE9149eD5772199a,0x82aF49447D8a07e3bd95BD0d56f35241523fBab1,21995.324493,63
0xDE4aeeB86Ed69BAcDeb0E92d30c80662ed0c1363,0xFF970A61A04b1cA14834A43f5dE4533eBDDB5CC8,9997.675096,3
0x125DBE70459b36A4C71664DcC97224EafEb4AeE0,0x82aF49447D8a07e3bd95BD0d56f35241523fBab1,141321.586087,18
0xFb15c3Af09Fbf8a39a587C4eD137Ee5737D7166B,0xFF970A61A04b1cA14834A43f5dE4533eBDDB5CC8,1226.878923,6
0xd3E0d660d8Fab05B34CCb7Fe7681628d9a46c675,0xaf88d065e77c8cC2239327C5EDb3A432268e5831,279942.600000,5
0x662D9D59d3EdDeC1C1447e3e907c186bDdd0321F,0x82aF49447D8a07e3bd95BD0d56f35241523fBab1,317478.347089,79
0x368706b2F299635e63B513f93f329FAE8f366b48,0x82aF49447D8a07e3bd95BD0d56f35241523fBab1,670.704113,6
0xbdF81b19af7848F7384c38E68208885ff0C9F390,0x82aF49447D8a07e3bd95BD0d56f35241523fBab1,27657.815636,51
0x894b87dfB9e79082d2D0Ac7c16cE40658afd42D1,0x82aF49447D8a07e3bd95BD0d56f35241523fBab1,10092.214225,80
0x50fad2b869521c27476A5245a49e09c338f94579,0xFF970A61A04b1cA14834A43f5dE4533eBDDB5CC8,50048.196673,5
0xaa8F454E1487dfc67f02A69B788c3f7379ec586E,0xFF970A61A04b1cA14834A43f5dE4533eBDDB5CC8,516.955964,35
0x7b007E8c0f77B50bEC8009f0e97F523DBa6FE506,0xFF970A61A04b1cA14834A43f5dE4533eBDDB5CC8,3825.157047,39
0x9D612a5282207ABEA8f88d9a5e54d7173D262bfD,0x82aF49447D8a07e3bd95BD0d56f35241523fBab1,284593.509018,82
0x9B8572C722d1f8B879AE45b8DB292e69C5001bB8,0xaf88d065e77c8cC2239327C5EDb3A432268e5831,7730.946620,6
0xe212c1330a24C4151cA142F8e0da778303ca2b2e,0xaf88d065e77c8cC2239327C5EDb3A432268e5831,8000.000000,6
0x025ff79c1aE670b4DfEc865b8C67E370a9643Db0,0x82aF49447D8a07e3bd95BD0d56f35241523fBab1,1299.040607,19
0x3E13Fd392d3FeB075b58F309d84C20698a54c10B,0xaf88d065e77c8cC2239327C5EDb3A432268e5831,448.595220,6
0x5CA51c0Bb6Dbdf29465dAeb3F5dBD37074133467,0x82aF49447D8a07e3bd95BD0d56f35241523fBab1,24404.400269,26
0xeB1BcBfEC30297E70ce7Fda0a6729A233c957117,0xFF970A61A04b1cA14834A43f5dE4533eBDDB5CC8,50.000000,29
0x3e59d5b2A7e9E17c5f1550EAf161A4866FB4395B,0x82aF49447D8a07e3bd95BD0d56f35241523fBab1,6072.497909,6
0x851829732e686d5a9092fb70eb49d09016De94Df,0xaf88d065e77c8cC2239327C5EDb3A432268e5831,87499.951404,4
0xe5A437Cf519d11319363FA5556585293452A102A,0x82aF49447D8a07e3bd95BD0d56f35241523fBab1,18608.138392,34
0x4E14529D962Cba526A70435132CEe96599675D45,0x82aF49447D8a07e3bd95BD0d56f35241523fBab1,35668.873441,30
0x3e59d5b2A7e9E17c5f1550EAf161A4866FB4395B,0xFF970A61A04b1cA14834A43f5dE4533eBDDB5CC8,5727.054283,3
0x10D884c84E160EBCA8937Cf3CDBfC087ABBB73B5,0x82aF49447D8a07e3bd95BD0d56f35241523fBab1,10301.617616,63
0x125DBE70459b36A4C71664DcC97224EafEb4AeE0,0xFF970A61A04b1cA14834A43f5dE4533eBDDB5CC8,745.900904,59
0x87A09bef77c381aDC4f69D12A593A3a2604b13d1,0xaf88d065e77c8cC2239327C5EDb3A432268e5831,1806.932743,4
0xeB75A45B99a8698eBC45f24A1EcB57235cC0f875,0x82aF49447D8a07e3bd95BD0d56f35241523fBab1,32029.412810,5
0x9c5DEBac27762C11EA9e917713D9C53818Bb5Ab1,0x82aF49447D8a07e3bd95BD0d56f35241523fBab1,28175.707156,53
0xC1f28e810cF2F8E1922a874F66112C7BF26A929A,0xFF970A61A04b1cA14834A43f5dE4533eBDDB5CC8,75447.332616,12
0x057a1558a67C10F2B11F7f936E58Fcdec8113aF9,0xaf88d065e77c8cC2239327C5EDb3A432268e5831,100000.000000,6
0xCA0073964efe7f9422CeB16901018b1DB0cC4785,0x82aF49447D8a07e3bd95BD0d56f35241523fBab1,6796.806858,6
0x3948943fEcD4Dd2FA09C94157c55979855b65Ede,0xFF970A61A04b1cA14834A43f5dE4533eBDDB5CC8,620.327748,11
0xf36Dd95D4F5eEE29600e1f6004184B979a4Fe074,0xFF970A61A04b1cA14834A43f5dE4533eBDDB5CC8,5020.312525,1
0x6E4DbE5dD7b1214B428D70Fb05Ee21fE2FaaD85F,0x82aF49447D8a07e3bd95BD0d56f35241523fBab1,30.382179,92
0x1f9E5ba6b5bAd1EaEB760347F8E86D3803e10C56,0xFF970A61A04b1cA14834A43f5dE4533eBDDB5CC8,6710.049998,83
